root_arm	cell	at_end_T	at_end_COST	final_T	final_COST
crc32-placebo	hc1cb01	8742578	8.7440	9482633	9.2728
crc32-placebo	hc1cb02	4731317	5.0972	4823563	5.1685
crc32-placebo	hc1cb03	14029758	11.9512	14819366	12.4632
# crc32-plain: 2 set-aside dir(s) skipped
crc32-plain	hc1cp01	9966665	9.1535	10733384	9.6619
crc32-plain	hc1cp02	4611746	6.4812	5248242	6.8919
crc32-plain	hc1cp03	8284476	8.5817	8688113	8.8230
crc32-saltdiet	hc1cs01	15447180	14.2718	15881104	14.5264
crc32-saltdiet	hc1cs02	8699204	9.1003	9387107	9.5081
crc32-saltdiet	hc1cs03	8124713	8.0231	8759050	8.3901
paxos-placebo	hc1pb01	14789953	14.2815	16352713	15.1916
paxos-placebo	hc1pb02	27272137	23.0100	27533406	23.1678
paxos-placebo	hc1pb03	17033826	16.7394	17276116	16.8880
paxos-plain	hc1pp01	19951976	20.1056	20158048	20.2315
paxos-plain	hc1pp02	13689842	16.1940	14171776	16.5068
paxos-plain	hc1pp03	26284832	21.8536	26533104	22.0065
paxos-saltdiet	hc1ps01	50614418	37.6287	50614418	37.6287
paxos-saltdiet	hc1ps02	49588705	35.8828	51016255	36.7601
paxos-saltdiet	hc1ps03	42399052	35.8404	43980434	36.7836
