file	sha256/16 as run	sha256/16 as tracked	bytes
budget-read-column/budget_read_column.py	48d73a3b980266bc	48d73a3b980266bc	verbatim
budget-read-column/budget_read_column.py.orig-2026-09-16	32e9145dae85660c	32e9145dae85660c	verbatim
budget-read-column/budget_read_content_census.py	6a6035161e211e7a	bcc508ddabb1f5df	rewritten
budget-read-column/census.out	f10a6212da217caa	c45c507398a7bfaf	rewritten
budget-read-column/drive-after.out	3dd9201953e11e53	3dd9201953e11e53	verbatim
budget-read-column/drive-before.out	a5f266de53476dd1	a5f266de53476dd1	verbatim
budget-read-column/drive-mut1.out	0fee52e18abe9169	0fee52e18abe9169	verbatim
budget-read-column/drive-mut2.out	3204612033ddd485	3204612033ddd485	verbatim
budget-read-column/drive_column.sh	c1eb9952be450aa7	67e9acecbdc67827	rewritten
budget-read-column/harvest-ps02-after-fix.out	0ef0cc79a09f4dfe	8579f96b50b58b75	rewritten
budget-read-column/mut_always_saw.py	b129553dbd0627fd	b129553dbd0627fd	verbatim
budget-read-column/mut_never_saw.py	c09465e0dce51ca3	c09465e0dce51ca3	verbatim
budget-read-column/redrive.out	ce62bde07410471e	ce62bde07410471e	verbatim
budget-read-column/redrive_method2.py	16f739084afe9ae8	9b936d2f01b2a471	rewritten
budget-read-column/xtab.out	a1a2be5b2c2da6a0	a1a2be5b2c2da6a0	verbatim
budget-read-column/xtab_header_vs_regex.py	a5ad60c5aa372859	718f5dea756d401b	rewritten
concurrency/box_quiet_all_waves.sh	d90a0f3cad36c431	d90a0f3cad36c431	verbatim
concurrency/census.out	d9ad7464f7607c2f	d9ad7464f7607c2f	verbatim
concurrency/drive_quiet.out	ad7b58db8b5f6c14	ad7b58db8b5f6c14	verbatim
concurrency/drive_quiet.sh	8de0f8396df69dae	8de0f8396df69dae	verbatim
concurrency/hc1_concurrency.py	97286310856db077	97286310856db077	verbatim
lk-wait-census/census.out	9f3a7048c4e74e17	343daec7865e2a78	rewritten
lk-wait-census/lk_wait_census.py	1f041bf43c0f52fd	e609f00ce4d214ee	rewritten
concurrency/census-45.out	d12a13232df37c56	d12a13232df37c56	verbatim (re-run over all 45 cells after row 45, 2026-09-16 16:2x PDT)
budget-read-column/census-45.out	90461f3639f0722f	bda12666f13b25c3	rewritten (re-run over all 45 cells after row 45, 2026-09-16 16:2x PDT)
lk-wait-census/census-45.out	693844836d422499	4200af5597789a74	rewritten (re-run over all 45 cells after row 45, 2026-09-16 16:2x PDT)
