cell	at_end_T	at_end_COST	final_T	final_COST
clbqcp01	4250496	5.1896	4345846	5.2591
clbqcs01	40460609	32.6659	40769031	32.8430
clbqcp02	10695724	10.4061	10837922	10.4989
clbqcs02	35402322	26.7035	36825260	27.5359
clbqcp03	6871100	7.1446	7081227	7.2947
clbqcs03	40403976	30.3255	40789486	30.5436
clbkcp01	6281137	7.1430	6390265	7.2281
clbkcs01	50313376	36.2658	52067831	37.2308
clbkcp02	8282359	8.5273	8527285	8.6901
clbkcs02	52032777	38.0216	52032777	38.0216
clbkcp03	7313355	7.8533	7587447	8.0586
clbkcs03	39735754	31.6514	41591482	32.6979
