cell	max_wall	max_turns	print_timeout	turn_timeout
cells-na-aes-pro-plain/naaepp01	21600	40	1800s	2100
cells-na-aes-pro-plain/naaepp02	21600	40	1800s	2100
cells-na-aes-pro-plain/naaepp03	21600	40	1800s	2100
cells-na-aes-pro-salt/naaeps01	21600	40	1800s	2100
cells-na-aes-pro-salt/naaeps02	21600	40	1800s	2100
cells-na-aes-pro-salt/naaeps03	21600	40	1800s	2100
cells-na-binomialheap-pro-plain/nabhpp01	21600	40	1800s	2100
cells-na-binomialheap-pro-plain/nabhpp02	21600	40	1800s	2100
cells-na-binomialheap-pro-plain/nabhpp03	21600	40	1800s	2100
cells-na-binomialheap-pro-salt/nabhps01	21600	40	1800s	2100
cells-na-binomialheap-pro-salt/nabhps02	21600	40	1800s	2100
cells-na-binomialheap-pro-salt/nabhps03	21600	40	1800s	2100
cells-na-linearscan-pro-plain/nalspp01	21600	40	1800s	2100
cells-na-linearscan-pro-plain/nalspp02	21600	40	1800s	2100
cells-na-linearscan-pro-plain/nalspp03	21600	40	1800s	2100
cells-na-linearscan-pro-salt/nalsps01	21600	40	1800s	2100
cells-na-linearscan-pro-salt/nalsps02	21600	40	1800s	2100
cells-na-linearscan-pro-salt/nalsps03	21600	40	1800s	2100
cells-na-liveness-pro-plain/nalvpp01	21600	40	1800s	2100
cells-na-liveness-pro-plain/nalvpp02	21600	40	1800s	2100
cells-na-liveness-pro-plain/nalvpp03	21600	40	1800s	2100
cells-na-liveness-pro-salt/nalvps01	21600	40	1800s	2100
cells-na-liveness-pro-salt/nalvps02	21600	40	1800s	2100
cells-na-liveness-pro-salt/nalvps03	21600	40	1800s	2100
cells-na-luby-pro-plain/nalbpp01	21600	40	1800s	2100
cells-na-luby-pro-plain-r2/nalbpp201	21600	40	1800s	2100
cells-na-luby-pro-plain-r2/nalbpp202	21600	40	1800s	2100
cells-na-luby-pro-salt-r2/nalbps201	21600	40	1800s	2100
cells-na-luby-pro-salt-r2/nalbps202	21600	40	1800s	2100
cells-na-luby-pro-salt-tnap/nalbpst01	21600	40	1800s	2100
cells-na-maxflow-pro-plain/namfpp01	21600	40	1800s	2100
cells-na-maxflow-pro-plain/namfpp02	21600	40	1800s	2100
cells-na-maxflow-pro-plain/namfpp03	21600	40	1800s	2100
cells-na-maxflow-pro-salt/namfps01	21600	40	1800s	2100
cells-na-maxflow-pro-salt/namfps02	21600	40	1800s	2100
cells-na-maxflow-pro-salt/namfps03	21600	40	1800s	2100
cells-na-aes-flash-plain/naaefp01	21600	40	1800s	2100
cells-na-aes-flash-plain/naaefp02	21600	40	1800s	2100
cells-na-aes-flash-plain/naaefp03	21600	40	1800s	2100
cells-na-aes-flash-salt/naaefs01	21600	40	1800s	2100
cells-na-aes-flash-salt/naaefs02	21600	40	1800s	2100
cells-na-aes-flash-salt/naaefs03	21600	40	1800s	2100
cells-na-binomialheap-flash-plain/nabhfp01	21600	40	1800s	2100
cells-na-binomialheap-flash-plain/nabhfp02	21600	40	1800s	2100
cells-na-binomialheap-flash-plain/nabhfp03	21600	40	1800s	2100
cells-na-binomialheap-flash-salt/nabhfs01	21600	40	1800s	2100
cells-na-binomialheap-flash-salt/nabhfs02	21600	40	1800s	2100
cells-na-binomialheap-flash-salt/nabhfs03	21600	40	1800s	2100
cells-na-binomialheap-flash-salt-refire/nabhfsr01	21600	40	1800s	2100
cells-na-linearscan-flash-plain-r2/nalsfp201	21600	40	1800s	2100
cells-na-linearscan-flash-plain-r2/nalsfp202	21600	40	1800s	2100
cells-na-linearscan-flash-plain-r2/nalsfp203	21600	40	1800s	2100
cells-na-linearscan-flash-salt-r2/nalsfs201	21600	40	1800s	2100
cells-na-linearscan-flash-salt-r2/nalsfs202	21600	40	1800s	2100
cells-na-linearscan-flash-salt-r2/nalsfs203	21600	40	1800s	2100
cells-na-liveness-flash-plain/nalvfp01	21600	40	1800s	2100
cells-na-liveness-flash-plain/nalvfp02	21600	40	1800s	2100
cells-na-liveness-flash-plain/nalvfp03	21600	40	1800s	2100
cells-na-liveness-flash-salt/nalvfs01	21600	40	1800s	2100
cells-na-liveness-flash-salt/nalvfs02	21600	40	1800s	2100
cells-na-liveness-flash-salt/nalvfs03	21600	40	1800s	2100
cells-na-luby-flash-plain-r2/nalbfq01	21600	40	1800s	2100
cells-na-luby-flash-plain-r2/nalbfq02	21600	40	1800s	2100
cells-na-luby-flash-plain-r2/nalbfq03	21600	40	1800s	2100
cells-na-luby-flash-salt-r2/nalbfs201	21600	40	1800s	2100
cells-na-luby-flash-salt-r2/nalbfs202	21600	40	1800s	2100
cells-na-luby-flash-salt-tnaf/nalfs01	21600	40	1800s	2100
cells-na-maxflow-flash-plain/namffp01	21600	40	1800s	2100
cells-na-maxflow-flash-plain/namffp02	21600	40	1800s	2100
cells-na-maxflow-flash-plain/namffp03	21600	40	1800s	2100
cells-na-maxflow-flash-salt/namffs01	21600	40	1800s	2100
cells-na-maxflow-flash-salt/namffs02	21600	40	1800s	2100
cells-na-maxflow-flash-salt/namffs03	21600	40	1800s	2100
