wave_dir	root	in_table	stamp	export	per_turn	controller_patience	probe_patience	wall	turns	vs_A7.2	fire_log
na-T-NA-F-2026-09-25-c1a1	cells-na-luby-flash-salt-tnaf	True	2026-09-25T18:02:28Z	59508ac5e7ad	1800s	2100s	2100s	21600s	40	SAME (4 of 4) + probe_patience not in A7.2	na-T-NA-F-2026-09-25-c1a1/cells-na-luby-flash-salt-tnaf.fire.log
na-bh-flash-salt-refire-2026-09-28-c1a1	cells-na-binomialheap-flash-salt-refire	True	2026-09-28T14:43:17Z	e10f420d596f	1800s	2100s	2100s	21600s	40	SAME (4 of 4) + probe_patience not in A7.2	na-bh-flash-salt-refire-2026-09-28-c1a1/cells-na-binomialheap-flash-salt-refire.fire.log
na-flash-2026-09-25-c1a1	cells-na-luby-flash-plain	False	2026-09-25T20:46:13Z	eadcfe820b62	1800s	2100s	2100s	21600s	40	SAME (4 of 4) + probe_patience not in A7.2	na-flash-2026-09-25-c1a1/cells-na-luby-flash-plain.fire.log
na-flash-r2-2026-09-25-c10a1	cells-na-binomialheap-flash-salt	True	2026-09-26T09:03:33Z	e10f420d596f	1800s	2100s	2100s	21600s	40	SAME (4 of 4) + probe_patience not in A7.2	na-flash-r2-2026-09-25-c10a1/cells-na-binomialheap-flash-salt.fire.log
na-flash-r2-2026-09-25-c11a1	cells-na-linearscan-flash-plain	False	2026-09-26T17:31:14Z	e10f420d596f	1800s	2100s	2100s	21600s	40	SAME (4 of 4) + probe_patience not in A7.2	na-flash-r2-2026-09-25-c11a1/cells-na-linearscan-flash-plain.fire.log
na-flash-r2-2026-09-25-c12a1	cells-na-linearscan-flash-salt	False	2026-09-26T17:32:16Z	e10f420d596f	1800s	2100s	2100s	21600s	40	SAME (4 of 4) + probe_patience not in A7.2	na-flash-r2-2026-09-25-c12a1/cells-na-linearscan-flash-salt.fire.log
na-flash-r2-2026-09-25-c1a1	cells-na-luby-flash-plain-r2	True	2026-09-25T22:19:06Z	e10f420d596f	1800s	2100s	2100s	21600s	40	SAME (4 of 4) + probe_patience not in A7.2	na-flash-r2-2026-09-25-c1a1/cells-na-luby-flash-plain-r2.fire.log
na-flash-r2-2026-09-25-c2a1	cells-na-luby-flash-salt-r2	True	2026-09-25T22:41:13Z	e10f420d596f	1800s	2100s	2100s	21600s	40	SAME (4 of 4) + probe_patience not in A7.2	na-flash-r2-2026-09-25-c2a1/cells-na-luby-flash-salt-r2.fire.log
na-flash-r2-2026-09-25-c3a1	cells-na-aes-flash-plain	True	2026-09-25T23:48:35Z	e10f420d596f	1800s	2100s	2100s	21600s	40	SAME (4 of 4) + probe_patience not in A7.2	na-flash-r2-2026-09-25-c3a1/cells-na-aes-flash-plain.fire.log
na-flash-r2-2026-09-25-c4a1	cells-na-aes-flash-salt	True	2026-09-26T00:35:50Z	e10f420d596f	1800s	2100s	2100s	21600s	40	SAME (4 of 4) + probe_patience not in A7.2	na-flash-r2-2026-09-25-c4a1/cells-na-aes-flash-salt.fire.log
na-flash-r2-2026-09-25-c5a1	cells-na-liveness-flash-plain	True	2026-09-26T02:30:26Z	e10f420d596f	1800s	2100s	2100s	21600s	40	SAME (4 of 4) + probe_patience not in A7.2	na-flash-r2-2026-09-25-c5a1/cells-na-liveness-flash-plain.fire.log
na-flash-r2-2026-09-25-c6a1	cells-na-liveness-flash-salt	True	2026-09-26T03:19:42Z	e10f420d596f	1800s	2100s	2100s	21600s	40	SAME (4 of 4) + probe_patience not in A7.2	na-flash-r2-2026-09-25-c6a1/cells-na-liveness-flash-salt.fire.log
na-flash-r2-2026-09-25-c7a1	cells-na-maxflow-flash-plain	True	2026-09-26T05:16:20Z	e10f420d596f	1800s	2100s	2100s	21600s	40	SAME (4 of 4) + probe_patience not in A7.2	na-flash-r2-2026-09-25-c7a1/cells-na-maxflow-flash-plain.fire.log
na-flash-r2-2026-09-25-c8a1	cells-na-maxflow-flash-salt	True	2026-09-26T06:19:41Z	e10f420d596f	1800s	2100s	2100s	21600s	40	SAME (4 of 4) + probe_patience not in A7.2	na-flash-r2-2026-09-25-c8a1/cells-na-maxflow-flash-salt.fire.log
na-flash-r2-2026-09-25-c9a1	cells-na-binomialheap-flash-plain	True	2026-09-26T08:05:14Z	e10f420d596f	1800s	2100s	2100s	21600s	40	SAME (4 of 4) + probe_patience not in A7.2	na-flash-r2-2026-09-25-c9a1/cells-na-binomialheap-flash-plain.fire.log
na-ls-flash-A5-2026-09-28-c1a1	cells-na-linearscan-flash-plain-r2	True	2026-09-28T09:04:42Z	8ed8cb38ed9c	1800s	2100s	2100s	21600s	40	SAME (4 of 4) + probe_patience not in A7.2	na-ls-flash-A5-2026-09-28-c1a1/cells-na-linearscan-flash-plain-r2.fire.log
na-ls-flash-A5-2026-09-28-c2a1	cells-na-linearscan-flash-salt-r2	True	2026-09-28T10:28:07Z	8ed8cb38ed9c	1800s	2100s	2100s	21600s	40	SAME (4 of 4) + probe_patience not in A7.2	na-ls-flash-A5-2026-09-28-c2a1/cells-na-linearscan-flash-salt-r2.fire.log
na-ls-pro-A5-2026-09-27-c1a1	cells-na-linearscan-pro-plain	True	2026-09-28T01:38:09Z	8ed8cb38ed9c	1800s	2100s	2100s	21600s	40	SAME (4 of 4) + probe_patience not in A7.2	na-ls-pro-A5-2026-09-27-c1a1/cells-na-linearscan-pro-plain.fire.log
na-ls-pro-A5-2026-09-27-c2a1	cells-na-linearscan-pro-salt	True	2026-09-28T02:57:30Z	8ed8cb38ed9c	1800s	2100s	2100s	21600s	40	SAME (4 of 4) + probe_patience not in A7.2	na-ls-pro-A5-2026-09-27-c2a1/cells-na-linearscan-pro-salt.fire.log
na-luby-pro-plain-r2-2026-09-28-c1a1	cells-na-luby-pro-plain-r2	True	2026-09-28T15:46:30Z	e10f420d596f	1800s	2100s	2100s	21600s	40	SAME (4 of 4) + probe_patience not in A7.2	na-luby-pro-plain-r2-2026-09-28-c1a1/cells-na-luby-pro-plain-r2.fire.log
na-pro-A4-2026-09-26-c1a1	cells-na-luby-pro-salt-r2	True	2026-09-27T02:56:26Z	e10f420d596f	1800s	2100s	2100s	21600s	40	SAME (4 of 4) + probe_patience not in A7.2	na-pro-A4-2026-09-26-c1a1/cells-na-luby-pro-salt-r2.fire.log
na-pro-A4-2026-09-26-c2a1	cells-na-aes-pro-plain	True	2026-09-27T04:24:53Z	e10f420d596f	1800s	2100s	2100s	21600s	40	SAME (4 of 4) + probe_patience not in A7.2	na-pro-A4-2026-09-26-c2a1/cells-na-aes-pro-plain.fire.log
na-pro-A4-2026-09-26-c3a1	cells-na-aes-pro-salt	True	2026-09-27T04:55:02Z	e10f420d596f	1800s	2100s	2100s	21600s	40	SAME (4 of 4) + probe_patience not in A7.2	na-pro-A4-2026-09-26-c3a1/cells-na-aes-pro-salt.fire.log
na-pro-A4-2026-09-26-c4a1	cells-na-liveness-pro-plain	True	2026-09-27T14:47:02Z	e10f420d596f	1800s	2100s	2100s	21600s	40	SAME (4 of 4) + probe_patience not in A7.2	na-pro-A4-2026-09-26-c4a1/cells-na-liveness-pro-plain.fire.log
na-pro-A4-2026-09-26-c5a1	cells-na-liveness-pro-salt	True	2026-09-27T15:24:11Z	e10f420d596f	1800s	2100s	2100s	21600s	40	SAME (4 of 4) + probe_patience not in A7.2	na-pro-A4-2026-09-26-c5a1/cells-na-liveness-pro-salt.fire.log
na-pro-A4-2026-09-26-c6a1	cells-na-maxflow-pro-plain	True	2026-09-27T19:29:16Z	e10f420d596f	1800s	2100s	2100s	21600s	40	SAME (4 of 4) + probe_patience not in A7.2	na-pro-A4-2026-09-26-c6a1/cells-na-maxflow-pro-plain.fire.log
na-pro-A4-2026-09-26-c7a1	cells-na-maxflow-pro-salt	True	2026-09-27T19:46:20Z	e10f420d596f	1800s	2100s	2100s	21600s	40	SAME (4 of 4) + probe_patience not in A7.2	na-pro-A4-2026-09-26-c7a1/cells-na-maxflow-pro-salt.fire.log
na-pro-A4-2026-09-26-c8a1	cells-na-binomialheap-pro-plain	True	2026-09-27T22:22:59Z	e10f420d596f	1800s	2100s	2100s	21600s	40	SAME (4 of 4) + probe_patience not in A7.2	na-pro-A4-2026-09-26-c8a1/cells-na-binomialheap-pro-plain.fire.log
na-pro-A4-2026-09-26-c9a1	cells-na-binomialheap-pro-salt	True	2026-09-27T22:59:10Z	e10f420d596f	1800s	2100s	2100s	21600s	40	SAME (4 of 4) + probe_patience not in A7.2	na-pro-A4-2026-09-26-c9a1/cells-na-binomialheap-pro-salt.fire.log
na-pro-tnap-2026-09-26-c1a1	cells-na-luby-pro-salt-tnap	True	2026-09-26T22:38:41Z	e10f420d596f	1800s	2100s	2100s	21600s	40	SAME (4 of 4) + probe_patience not in A7.2	na-pro-tnap-2026-09-26-c1a1/cells-na-luby-pro-salt-tnap.fire.log
na-pro-tnap-plain-2026-09-27-c1a1	cells-na-luby-pro-plain	True	2026-09-27T02:48:54Z	e10f420d596f	1800s	2100s	2100s	21600s	40	SAME (4 of 4) + probe_patience not in A7.2	na-pro-tnap-plain-2026-09-27-c1a1/cells-na-luby-pro-plain.fire.log
