export_sha	problem	tree	ref_e54f35a	same
59508ac5e7add046fdf3c7bbe49e594cdbb88eea	AES	e21b34feea2d	e21b34feea2d	SAME
59508ac5e7add046fdf3c7bbe49e594cdbb88eea	BinomialHeap	cb99fbcbfa33	cb99fbcbfa33	SAME
59508ac5e7add046fdf3c7bbe49e594cdbb88eea	LinearScan	fb7f944b5b97	fb7f944b5b97	SAME
59508ac5e7add046fdf3c7bbe49e594cdbb88eea	Liveness	77ff75be5748	77ff75be5748	SAME
59508ac5e7add046fdf3c7bbe49e594cdbb88eea	Luby	1df3fc476969	1df3fc476969	SAME
59508ac5e7add046fdf3c7bbe49e594cdbb88eea	MaxFlow	1a7160c9b322	1a7160c9b322	SAME
e10f420d596f18ba94baa2042abdf767a6383ecb	AES	e21b34feea2d	e21b34feea2d	SAME
e10f420d596f18ba94baa2042abdf767a6383ecb	BinomialHeap	cb99fbcbfa33	cb99fbcbfa33	SAME
e10f420d596f18ba94baa2042abdf767a6383ecb	LinearScan	fb7f944b5b97	fb7f944b5b97	SAME
e10f420d596f18ba94baa2042abdf767a6383ecb	Liveness	77ff75be5748	77ff75be5748	SAME
e10f420d596f18ba94baa2042abdf767a6383ecb	Luby	1df3fc476969	1df3fc476969	SAME
e10f420d596f18ba94baa2042abdf767a6383ecb	MaxFlow	1a7160c9b322	1a7160c9b322	SAME
8ed8cb38ed9cc3b824080f45ab000247ab05621b	AES	e21b34feea2d	e21b34feea2d	SAME
8ed8cb38ed9cc3b824080f45ab000247ab05621b	BinomialHeap	cb99fbcbfa33	cb99fbcbfa33	SAME
8ed8cb38ed9cc3b824080f45ab000247ab05621b	LinearScan	9de205720d1f	fb7f944b5b97	DIFFERENT
8ed8cb38ed9cc3b824080f45ab000247ab05621b	Liveness	77ff75be5748	77ff75be5748	SAME
8ed8cb38ed9cc3b824080f45ab000247ab05621b	Luby	1df3fc476969	1df3fc476969	SAME
8ed8cb38ed9cc3b824080f45ab000247ab05621b	MaxFlow	1a7160c9b322	1a7160c9b322	SAME
