stamp	pool	used_5h_pct	used_weekly_pct	resets	root
2026-09-25T11:02:32-0700	agy-gemini	0	19	5h 100% remaining, resets 2026-09-25T21:27:38Z |weekly 81% remaining, resets 2026-09-30T02:27:38Z	cells-na-luby-flash-salt-tnaf
2026-09-25T15:19:10-0700	agy-gemini	9	20	5h 91% remaining, resets 2026-09-26T02:27:38Z |weekly 80% remaining, resets 2026-09-30T02:27:38Z	cells-na-luby-flash-plain-r2
2026-09-25T15:41:17-0700	agy-gemini	10	20	5h 90% remaining, resets 2026-09-26T02:27:38Z |weekly 80% remaining, resets 2026-09-30T02:27:38Z	cells-na-luby-flash-salt-r2
2026-09-25T16:48:38-0700	agy-gemini	15	20	5h 85% remaining, resets 2026-09-26T02:27:38Z |weekly 80% remaining, resets 2026-09-30T02:27:38Z	cells-na-aes-flash-plain
2026-09-25T17:35:53-0700	agy-gemini	18	20	5h 82% remaining, resets 2026-09-26T02:27:38Z |weekly 80% remaining, resets 2026-09-30T02:27:38Z	cells-na-aes-flash-salt
2026-09-25T19:30:32-0700	agy-gemini	0	21	5h 100% remaining, resets 2026-09-26T07:27:38Z |weekly 79% remaining, resets 2026-09-30T02:27:38Z	cells-na-liveness-flash-plain
2026-09-25T20:19:47-0700	agy-gemini	2	21	5h 98% remaining, resets 2026-09-26T07:27:38Z |weekly 79% remaining, resets 2026-09-30T02:27:38Z	cells-na-liveness-flash-salt
2026-09-25T22:16:25-0700	agy-gemini	10	21	5h 90% remaining, resets 2026-09-26T07:27:38Z |weekly 79% remaining, resets 2026-09-30T02:27:38Z	cells-na-maxflow-flash-plain
2026-09-25T23:19:46-0700	agy-gemini	12	21	5h 88% remaining, resets 2026-09-26T07:27:38Z |weekly 79% remaining, resets 2026-09-30T02:27:38Z	cells-na-maxflow-flash-salt
2026-09-26T01:05:19-0700	agy-gemini	3	22	5h 97% remaining, resets 2026-09-26T12:27:38Z |weekly 78% remaining, resets 2026-09-30T02:27:38Z	cells-na-binomialheap-flash-plain
2026-09-26T02:03:36-0700	agy-gemini	5	22	5h 95% remaining, resets 2026-09-26T12:27:38Z |weekly 78% remaining, resets 2026-09-30T02:27:38Z	cells-na-binomialheap-flash-salt
2026-09-26T15:38:44-0700	agy-gemini	0	24	5h 100% remaining, resets 2026-09-27T03:27:38Z |weekly 76% remaining, resets 2026-09-30T02:27:38Z	cells-na-luby-pro-salt-tnap
2026-09-26T19:48:58-0700	agy-gemini	62	27	5h 38% remaining, resets 2026-09-27T03:27:38Z |weekly 73% remaining, resets 2026-09-30T02:27:38Z	cells-na-luby-pro-plain
2026-09-26T19:56:29-0700	agy-gemini	62	28	5h 38% remaining, resets 2026-09-27T03:27:38Z |weekly 72% remaining, resets 2026-09-30T02:27:38Z	cells-na-luby-pro-salt-r2
2026-09-26T21:24:56-0700	agy-gemini	8	28	5h 92% remaining, resets 2026-09-27T08:27:38Z |weekly 72% remaining, resets 2026-09-30T02:27:38Z	cells-na-aes-pro-plain
2026-09-26T21:55:05-0700	agy-gemini	9	28	5h 91% remaining, resets 2026-09-27T08:27:38Z |weekly 72% remaining, resets 2026-09-30T02:27:38Z	cells-na-aes-pro-salt
2026-09-27T07:47:05-0700	agy-gemini	11	31	5h 89% remaining, resets 2026-09-27T18:27:38Z |weekly 69% remaining, resets 2026-09-30T02:27:38Z	cells-na-liveness-pro-plain
2026-09-27T08:24:14-0700	agy-gemini	12	32	5h 88% remaining, resets 2026-09-27T18:27:38Z |weekly 68% remaining, resets 2026-09-30T02:27:38Z	cells-na-liveness-pro-salt
2026-09-27T12:29:25-0700	agy-gemini	6	34	5h 94% remaining, resets 2026-09-27T23:27:38Z |weekly 66% remaining, resets 2026-09-30T02:27:38Z	cells-na-maxflow-pro-plain
2026-09-27T12:46:28-0700	agy-gemini	7	34	5h 93% remaining, resets 2026-09-27T23:27:38Z |weekly 66% remaining, resets 2026-09-30T02:27:38Z	cells-na-maxflow-pro-salt
2026-09-27T15:23:08-0700	agy-gemini	26	35	5h 74% remaining, resets 2026-09-27T23:27:38Z |weekly 65% remaining, resets 2026-09-30T02:27:38Z	cells-na-binomialheap-pro-plain
2026-09-27T15:59:17-0700	agy-gemini	28	35	5h 72% remaining, resets 2026-09-27T23:27:38Z |weekly 65% remaining, resets 2026-09-30T02:27:38Z	cells-na-binomialheap-pro-salt
2026-09-27T18:38:18-0700	agy-gemini	15	36	5h 85% remaining, resets 2026-09-28T04:27:38Z |weekly 64% remaining, resets 2026-09-30T02:27:38Z	cells-na-linearscan-pro-plain
2026-09-27T19:57:39-0700	agy-gemini	18	36	5h 82% remaining, resets 2026-09-28T04:27:38Z |weekly 64% remaining, resets 2026-09-30T02:27:38Z	cells-na-linearscan-pro-salt
2026-09-28T02:04:51-0700	agy-gemini	32	39	5h 68% remaining, resets 2026-09-28T09:27:38Z |weekly 61% remaining, resets 2026-09-30T02:27:38Z	cells-na-linearscan-flash-plain-r2
2026-09-28T03:28:10-0700	agy-gemini	4	40	5h 96% remaining, resets 2026-09-28T14:27:38Z |weekly 60% remaining, resets 2026-09-30T02:27:38Z	cells-na-linearscan-flash-salt-r2
2026-09-28T07:43:33-0700	agy-gemini	1	41	5h 99% remaining, resets 2026-09-28T19:27:38Z |weekly 59% remaining, resets 2026-09-30T02:27:38Z	cells-na-binomialheap-flash-salt-refire
2026-09-28T08:46:39-0700	agy-gemini	6	41	5h 94% remaining, resets 2026-09-28T19:27:38Z |weekly 59% remaining, resets 2026-09-30T02:27:38Z	cells-na-luby-pro-plain-r2
