wave	cond	attempt	start	end	end_event	end_src
x86-agy-smoke-plain-2026-09-25	1	1	2026-09-25T20:24:53Z	2026-09-25T20:25:53Z	CONDITION-CLEAN	ledger
x86-agy-smoke-plain-r2-2026-09-25	1	1	2026-09-25T20:37:55Z	2026-09-25T20:38:55Z	CONDITION-FAILED	ledger
x86-agy-smoke-plain-r2b-2026-09-25	1	1	2026-09-25T20:40:23Z	2026-09-25T20:44:24Z	CONDITION-CLEAN	ledger
x86-agy-smoke-salt-2026-09-25	1	1	2026-09-25T20:58:36Z	2026-09-25T22:09:57Z	CONDITION-CLEAN	ledger
x86-slice-none-2026-09-26	1	1	2026-09-26T17:53:20Z	2026-09-26T18:38:33Z	CONDITION-CLEAN	ledger
x86-slice-none-2026-09-26	2	1	2026-09-26T18:38:34Z	2026-09-26T18:39:34Z	CONDITION-FAILED	ledger
x86-slice-none-c2-2026-09-26	1	1	2026-09-26T18:50:07Z	2026-09-26T20:34:37Z	CONDITION-CLEAN	ledger
x86-slice-stmt-2026-09-26	1	1	2026-09-26T20:34:48Z	2026-09-26T21:24:02Z	CONDITION-CLEAN	ledger
x86-slice-stmt-2026-09-26	2	1	2026-09-26T21:24:02Z	2026-09-26T22:07:25Z	NO-TERMINAL-ROW	END-MARKER
